name;years
Abarth 124 Spider;2017
Abarth 500;2008
Abarth 695 Biposto;2016
Acura Integra Type-R;2001
Acura NSX Type S;2022
Acura NSX;2017
Alfa Romeo 33 Stradale;1968
Alfa Romeo 4C;2014
Alfa Romeo 8C Competizione;2007
Alfa Romeo Giulia GTAm;2021
Alfa Romeo Giulia Quadrifoglio;2017
Alpine A110 1600s;1973
Alpine A110 R Ultime;2025
Alpine A110;2017
Apollo Intensa Emozione;2018
Ariel Nomad;2016
Aston Martin DB11;2017
Aston Martin DB5;1964
Aston Martin DB7 GT;2003
Aston Martin DBS Superleggera;2019
Aston Martin DBS;2008
Aston Martin DBX;2021
Aston Martin One-77;2010
Aston Martin V12 Vantage S;2013
Aston Martin V8 Vantage S;2012
Aston Martin Valhalla;2026
Aston Martin Valkyrie AMR Pro;2022
Aston Martin Valkyrie;2023
Aston Martin Vanquish;2012
Aston Martin Vantage;2019
Aston Martin Vantage;2024
Aston Martin Vulcan;2016
Audi R8 Coupé V10 performance quattro;2019
Audi R8 Coupé V10 plus 5.2 FSI quattro;2013
Audi R8 LMS;2009
Audi R8 V10 plus;2016
Audi RS 2 Avant;1995
Audi RS 3 Sedan;2020
Audi RS 3 Sportback;2011
Audi RS 4 Avant;2001
Audi RS 4 Avant;2013
Audi RS 4 Avant;2018
Audi RS 5 Coupé;2011
Audi RS 6 Avant;2021
Audi RS 6;2003
Audi RS 6;2009
Audi RS 7 Sportback;2013
Audi RS Q8;2022
Audi RS e-tron GT;2021
Audi RS3 Sportback;2022
Audi RS5;2018
Audi RS7 Sportback;2022
Audi S1;2015
Audi S5 Sportback;2017
Audi Sport quattro;1983
Audi TT RS Coupé;2010
Audi TT RS;2018
Audi TTS Coupé;2015
Automobili Pininfarina Battista;2020
BAC Mono;2014
BMW 1 Series M Coupe;2011
BMW 3.0 CSL;1975
BMW 850CSi;1995
BMW M1;1981
BMW M2 Competition;2019
BMW M2 Coupé;2016
BMW M2;2023
BMW M3 CS;2023
BMW M3 Competition Touring;2023
BMW M3 GTS;2010
BMW M3;1988
BMW M3;1991
BMW M3;1997
BMW M3;2000
BMW M3;2008
BMW M4 CSL;2023
BMW M4 Competition Coupé;2021
BMW M4 Coupé;2014
BMW M4 GTS;2016
BMW M5 CS;2022
BMW M5;1988
BMW M5;1995
BMW M5;2003
BMW M5;2009
BMW M5;2012
BMW M5;2018
BMW M6 Coupe;2013
BMW M8 Competition Coupe;2020
BMW X5 M;2011
BMW X6 M Competition;2024
BMW X6 M;2015
BMW Z3 M Coupe;2002
BMW Z4 GT3;2011
BMW Z4 M Coupe;2008
BMW Z4 M40i;2019
BMW i8;2015
BMW iX xDrive50;2022
Bentley Bentayga;2016
Bentley Continental GT Convertible;2021
Bentley Continental GT Speed;2025
Bentley Continental Supersports;2010
Bentley Continental Supersports;2017
Brabham BT62;2019
Bugatti Bolide;2020
Bugatti Centodieci;2019
Bugatti Chiron;2018
Bugatti Divo;2019
Bugatti EB110;1992
Bugatti La Voiture Noire;2019
Bugatti Veyron Grand Sport Vitesse;2012
Bugatti Veyron Super Sport;2011
CUPRA Formentor VZ5;2021
Cadillac Escalade;2012
Caterham Superlight R500;2013
Chevrolet Camaro SS;1967
Chevrolet Camaro SS;2010
Chevrolet Camaro Z/28;2015
Chevrolet Camaro Z28;1970
Chevrolet Camaro ZL1;2017
Chevrolet Camaro;1969
Chevrolet Corvette E-Ray;2024
Chevrolet Corvette Stingray 427;1967
Chevrolet Corvette Stingray Coupé;2020
Chevrolet Corvette Z06;2002
Chevrolet Corvette Z06;2015
Chevrolet Corvette Z06;2023
Chevrolet Corvette ZR-1;1995
Chevrolet Corvette ZR1;2009
Chevrolet Corvette ZR1;2019
Chevrolet Corvette;2014
Chevrolet Silverado LT Trail Boss;2020
Czinger 21C;2024
De Tomaso Pantera GT5;1984
DeLorean DMC-12;1982
Dodge Challenger R/T;1970
Dodge Challenger SRT Demon 170;2023
Dodge Challenger SRT Demon;2018
Dodge Challenger SRT Hellcat;2015
Dodge Challenger SRT8 392;2014
Dodge Charger Daytona HEMI;1969
Dodge Charger R/T;1969
Dodge Charger SRT Hellcat;2015
Dodge Durango SRT Hellcat;2021
Dodge Durango SRT;2018
Dodge Ram SRT-10;2006
Dodge SRT Viper GTS;2013
Dodge Viper ACR;2016
Dodge Viper Competition Coupe;2003
Dodge Viper GTS ACR;1999
Dodge Viper SRT-10;2010
Ferrari 12Cilindri;2025
Ferrari 250 California;1957
Ferrari 250 GT Berlinetta Lusso;1962
Ferrari 250 GTO;1962
Ferrari 250 Testa Rossa;1957
Ferrari 288 GTO;1984
Ferrari 296 GTB;2022
Ferrari 308 GTS;1977
Ferrari 360 Challenge Stradale;2003
Ferrari 365 GTB/4;1968
Ferrari 430 Scuderia;2007
Ferrari 458 Italia;2009
Ferrari 458 Speciale;2013
Ferrari 488 GTB;2015
Ferrari 488 Pista;2019
Ferrari 512 TR;1992
Ferrari 575M Maranello;2002
Ferrari 599 GTO;2010
Ferrari 599XX;2010
Ferrari 812 Superfast;2017
Ferrari California T;2014
Ferrari Dino 246 GT;1969
Ferrari Enzo;2003
Ferrari F12berlinetta;2013
Ferrari F12tdf;2015
Ferrari F355 Berlinetta;1994
Ferrari F40 Competizione;1989
Ferrari F40;1987
Ferrari F50 GT;1996
Ferrari F50;1995
Ferrari F8 Tributo;2019
Ferrari F80;2025
Ferrari FXX K;2014
Ferrari FXX;2005
Ferrari GTC4Lusso;2017
Ferrari LaFerrari;2013
Ferrari Monza SP2;2019
Ferrari Portofino;2018
Ferrari Roma;2020
Ferrari SF90 Stradale;2020
Ferrari Testarossa;1984
Ford 4 Ford Focus RS;2001
Ford 66 Ford Racing GT Le Mans;2016
Ford Bronco Raptor;2022
Ford Bronco;1975
Ford Bronco;2021
Ford Escort RS Cosworth;1992
Ford F-150 Lightning Platinum;2022
Ford F-150 Raptor R;2023
Ford F-150 Raptor;2017
Ford F-150 SVT Lightning;2003
Ford F-150 SVT Raptor;2011
Ford Fiesta ST;2014
Ford Focus RS;2003
Ford Focus RS;2009
Ford Focus RS;2017
Ford Focus ST;2022
Ford GT40 Mk I;1964
Ford GT;2005
Ford GT;2017
Ford M-Sport Fiesta RS;2017
Ford Mustang Boss 302;1969
Ford Mustang Boss 429;1969
Ford Mustang Dark Horse;2024
Ford Mustang GT 2+2 Fastback;1968
Ford Mustang GT;2018
Ford Mustang GT;2024
Ford Mustang Mach 1;1971
Ford Mustang Mach-E;2021
Ford Mustang SVT Cobra R;1995
Ford Mustang SVT Cobra;2003
Ford Mustang Shelby GT350R;2016
Ford Mustang Shelby GT500;2013
Ford Mustang Shelby GT500;2020
Ford Mustang;1965
Ford Mustang;2015
Ford RS200 Evolution;1985
Ford Ranger Raptor;2019
Ford SVT Cobra R;2000
Ford Sierra Cosworth RS500;1987
GMC HUMMER EV Pickup;2022
Gordon Murray Automotive T.50;2022
Hennessey Venom F5;2021
Hennessey Venom GT;2012
Honda Civic Type R;1997
Honda Civic Type R;2000
Honda Civic Type R;2004
Honda Civic Type R;2007
Honda Civic Type R;2016
Honda Civic Type R;2018
Honda Civic Type R;2023
Honda NSX-R;1992
Honda NSX-R;2005
Honda NSX;1992
Honda S2000;2003
Hummer H1 Alpha;2006
Hyundai IONIQ 5 N;2023
Hyundai Kona N;2022
Hyundai Veloster N;2019
Hyundai i20 N;2021
Hyundai i30 N;2020
Jaguar D-Type;1956
Jaguar E-type;1961
Jaguar F-PACE S;2017
Jaguar F-TYPE Project 7;2016
Jaguar F-TYPE R Coupé;2015
Jaguar F-TYPE SVR;2020
Jaguar I-Pace;2018
Jaguar XE SV Project 8;2019
Jaguar XFR-S;2015
Jaguar XJ220;1993
Jaguar XKR-S GT;2015
Jaguar XKR-S;2012
Jeep Gladiator Rubicon;2020
Jeep Grand Cherokee SRT;2014
Jeep Grand Cherokee Trackhawk;2018
Jeep Wrangler Rubicon;2012
KTM X-Bow R;2013
Kia EV6 GT;2023
Koenigsegg Agera RS;2017
Koenigsegg Agera R;2012
Koenigsegg Agera;2011
Koenigsegg CC8S;2002
Koenigsegg CCR;2004
Koenigsegg CCX;2006
Koenigsegg Gemera;2021
Koenigsegg Jesko;2020
Koenigsegg One:1;2015
Koenigsegg Regera;2016
Lamborghini Aventador J;2012
Lamborghini Aventador LP 780-4 Ultimae;2021
Lamborghini Aventador LP700-4;2012
Lamborghini Aventador SVJ;2018
Lamborghini Aventador Superveloce;2016
Lamborghini Aventador S;2016
Lamborghini Centenario Roadster;2016
Lamborghini Countach LP5000 QV;1988
Lamborghini Countach LPI 800-4;2021
Lamborghini Diablo GTR;1999
Lamborghini Diablo SV;1997
Lamborghini Essenza SCV12;2020
Lamborghini Gallardo LP 570-4 Superleggera;2011
Lamborghini Huracán EVO;2020
Lamborghini Huracán LP 610-4;2014
Lamborghini Huracán Performante;2018
Lamborghini Huracán STO;2020
Lamborghini Huracán Sterrato;2023
Lamborghini LM 002;1986
Lamborghini Miura P400;1967
Lamborghini Murciélago LP 640;2006
Lamborghini Murciélago LP 670-4 SV;2010
Lamborghini Reventón;2008
Lamborghini Revuelto;2024
Lamborghini Sesto Elemento;2011
Lamborghini Sián Roadster;2020
Lamborghini Temerario;2024
Lamborghini Urus;2019
Lamborghini Veneno;2013
Lancia 037 Stradale;1982
Lancia Delta HF Integrale Evo;1992
Lancia Delta S4;1986
Lancia Stratos HF Stradale;1974
Land Rover Defender 110 X;2020
Land Rover Defender 90;1997
Land Rover Range Rover Sport SVR;2015
Land Rover Range Rover Velar First Edition;2018
Land Rover Range Rover;1973
Lexus LC 500;2021
Lexus LFA;2010
Lexus RC F;2015
Local Motors Rally Fighter;2014
Lotus 3-Eleven;2016
Lotus Emira;2023
Lotus Esprit Turbo;1980
Lotus Esprit V8;2002
Lotus Evija;2020
Lotus Exige Cup 430;2018
Lotus Exige S;2012
Lucid Air Sapphire;2023
MG Cyberster;2023
MINI Cooper S;1965
MINI Cooper S;2010
MINI John Cooper Works Countryman All4;2018
MINI John Cooper Works GP;2021
MINI John Cooper Works;2009
Maserati GranTurismo;2009
Maserati Levante S;2017
Maserati MC12;2004
Maserati MC20 Cielo;2023
Maserati MC20;2022
Mazda MX-5 Miata;1989
Mazda MX-5;2013
Mazda MX-5;2016
Mazda RX-7 Spirit R Type-A;2002
Mazda RX-7;1997
Mazda RX-8 R3;2011
McLaren 12C;2013
McLaren 570S;2015
McLaren 600LT;2018
McLaren 620R;2021
McLaren 650S Coupé;2015
McLaren 720S Coupé;2018
McLaren 765LT Coupé;2021
McLaren Artura;2023
McLaren Elva;2020
McLaren F1 GT;1997
McLaren F1;1993
McLaren GT;2020
McLaren P1 GTR;2015
McLaren P1;2013
McLaren Senna GTR;2020
McLaren Senna;2018
McLaren Speedtail;2019
McLaren W1;2025
Mercedes-AMG C 63 S Coupé;2016
Mercedes-AMG E 63 S;2018
Mercedes-AMG G 63;2017
Mercedes-AMG GT 4-Door Coupé;2018
Mercedes-AMG GT Black Series;2020
Mercedes-AMG GT R;2017
Mercedes-AMG GT S;2015
Mercedes-AMG GT3;2018
Mercedes-AMG GT;2015
Mercedes-AMG ONE;2023
Mercedes-AMG SL 63;2021
Mercedes-Benz 190E 2.5-16 Evolution II;1990
Mercedes-Benz 300 SL Coupé;1954
Mercedes-Benz 300 SLR;1955
Mercedes-Benz 500 E;1992
Mercedes-Benz A 45 AMG;2013
Mercedes-Benz AMG CLK GTR;1998
Mercedes-Benz C 63 AMG Coupé Black Series;2012
Mercedes-Benz E 55 AMG Wagon;2006
Mercedes-Benz E 63 AMG;2013
Mercedes-Benz G 63 AMG 6x6;2014
Mercedes-Benz G 65 AMG;2013
Mercedes-Benz SL 63 AMG;2009
Mercedes-Benz SL 65 AMG Black Series;2009
Mercedes-Benz SLK 55 AMG;2012
Mercedes-Benz SLR McLaren 722 Edition;2007
Mercedes-Benz SLS AMG;2011
Mercedes-Benz Unimog U5023;2014
Meyers Manx;1971
Mitsubishi 3000 GT;1991
Mitsubishi Eclipse;1995
Mitsubishi Lancer Evolution III GSR;1995
Mitsubishi Lancer Evolution IX MR;2006
Mitsubishi Lancer Evolution VI GSR;1999
Mitsubishi Lancer Evolution VIII MR;2004
Mitsubishi Lancer Evolution X GSR;2008
Mitsubishi Montero Evolution;1997
NIO EP9;2016
Nissan 300ZX;1994
Nissan 350Z;2003
Nissan 370Z Nismo;2015
Nissan 370Z;2010
Nissan GT-R (R35);2017
Nissan GT-R Black Edition (R35);2012
Nissan GT-R NISMO (R35);2020
Nissan NISMO GT-R LM;1995
Nissan Silvia CLUB K's;1992
Nissan Silvia K's;1994
Nissan Silvia Spec-R;2000
Nissan Skyline GT-R V-Spec II;2002
Nissan Skyline GT-R V-Spec;1993
Nissan Skyline GT-R V-Spec;1997
Nissan Skyline GT-R V-Spec;1999
Nissan Skyline GT-R;1992
Nissan Z;2023
Pagani Huayra BC;2017
Pagani Huayra R;2022
Pagani Huayra;2012
Pagani Utopia;2023
Pagani Zonda Cinque Roadster;2010
Pagani Zonda F;2005
Pagani Zonda R;2009
Peugeot 205 T16;1984
Plymouth Cuda 426 HEMI;1971
Polestar 1;2020
Pontiac Firebird Trans Am;1977
Pontiac GTO;1966
Porsche 3 917 LH;1970
Porsche 550 Spyder;1955
Porsche 718 Cayman GT4 RS;2022
Porsche 718 Cayman GTS;2018
Porsche 718 Spyder;2019
Porsche 911 Carrera GTS;2018
Porsche 911 Carrera RS;1973
Porsche 911 Carrera S;1997
Porsche 911 Carrera S;2019
Porsche 911 GT1;1996
Porsche 911 GT2 RS;2012
Porsche 911 GT2 RS;2018
Porsche 911 GT2;1995
Porsche 911 GT3 RS 4.0;2012
Porsche 911 GT3 RS;2019
Porsche 911 GT3 RS;2023
Porsche 911 GT3 R;2018
Porsche 911 GT3;2004
Porsche 911 GT3;2021
Porsche 911 Rallye;2023
Porsche 911 Speedster;2019
Porsche 911 Sport Classic;2010
Porsche 911 Targa 4 GTS;2018
Porsche 911 Turbo 3.3;1982
Porsche 911 Turbo S;2014
Porsche 911 Turbo S;2023
Porsche 911 Turbo;1993
Porsche 911 reimagined by Singer - DLS;1990
Porsche 911;1964
Porsche 918 Spyder;2015
Porsche 928 GTS;1993
Porsche 944 Turbo;1989
Porsche 959;1987
Porsche Carrera GT;2003
Porsche Cayenne Turbo;2018
Porsche Cayman GT4;2016
Porsche Cayman GTS;2015
Porsche Macan Turbo;2019
Porsche Panamera Turbo;2017
Porsche Taycan Cross Turismo Turbo S;2023
Porsche Taycan Turbo S;2020
RAM 2500 Power Wagon;2017
Ram 1500 TRX;2024
Renault 5 Turbo;1980
Renault Clio R.S.;2010
Renault Clio Williams;1993
Renault Megane R.S.;2018
Renault Mégane R26.R;2008
Rimac Nevera;2021
Rivian R1T;2022
SUBARU BRZ;2022
SUBARU Impreza 22B-STi Version;1998
SUBARU Impreza WRX STi;2004
SUBARU STI S209;2019
SUBARU WRX STI;2015
SUBARU WRX;2022
Saleen S7;2004
Shelby Cobra 427 S/C;1965
Shelby Cobra Daytona Coupé;1965
Shelby GT 500;1967
Subaru Impreza WRX STI;1999
Subaru Impreza WRX STI;2010
TVR Griffith;2018
Toyota 4Runner TRD Pro;2019
Toyota 86;2013
Toyota Celica GT-Four ST205;1994
Toyota FJ40;1979
Toyota GR Corolla;2023
Toyota GR Supra;2020
Toyota GR Yaris;2021
Toyota GR86;2022
Toyota Land Cruiser;2025
Toyota MR2 GT;1995
Toyota Sprinter Trueno GT Apex;1985
Toyota Supra RZ;1998
Toyota Tacoma TRD Pro;2019
Toyota Tundra TRD Pro;2020
Vauxhall Astra VXR;2006
Vauxhall Corsa VXR;2016
Volkswagen Corrado VR6;1995
Volkswagen Golf GTI;1983
Volkswagen Golf GTI;2014
Volkswagen Golf GTi;1976
Volkswagen Golf R32;2003
Volkswagen Golf R;2010
Volkswagen Golf R;2014
Volkswagen Golf R;2021
Volkswagen Scirocco R;2011
Volkswagen Touareg;2011
Volvo 850 R;1997
Volvo C30 Polestar;2013
Volvo V60 Polestar;2015
Willys MB Jeep;1945
Zenvo TSR-S;2019
